"auto_id","image01"
1004,"cc/A1/A1-1004.jpg"
1005,"cc/A1/A1-1005.jpg"
1007,"cc/A1/A1-1007.jpg"
1009,"cc/A1/A1-1009.jpg"
1014,"cc/A1/A1-1014.jpg"
1015,"cc/A1/A1-1015.jpg"
1022,"cc/A1/A1-1022.jpg"
1030,"cc/A1/A1-1030.jpg"
1034,"cc/A1/A1-1034.jpg"
1042,"cc/A1/A1-1042.jpg"
1059,"cc/A1/A1-1059.jpg"
1066,"cc/A1/A1-1066.jpg"
107,"cc/A1/A1-107.jpg"
1072,"cc/A1/A1-1072.jpg"
1076,"cc/A1/A1-1076.jpg"
108,"cc/A1/A1-108.jpg"
1084,"cc/A1/A1-1084.jpg"
1085,"cc/A1/A1-1085.jpg"
1088,"cc/A1/A1-1088.jpg"
1094,"cc/A1/A1-1094.jpg"
1115,"cc/A1/A1-1115.jpg"
1119,"cc/A1/A1-1119.jpg"
1121,"cc/A1/A1-1121.jpg"
1123,"cc/A1/A1-1123.jpg"
1131,"cc/A1/A1-1131.jpg"
1134,"cc/A1/A1-1134.jpg"
1135,"cc/A1/A1-1135.jpg"
1138,"cc/A1/A1-1138.jpg"
1142,"cc/A1/A1-1142.jpg"
1145,"cc/A1/A1-1145.jpg"
1152,"cc/A1/A1-1152.jpg"
1153,"cc/A1/A1-1153.jpg"
1157,"cc/A1/A1-1157.jpg"
121,"cc/A1/A1-121.jpg"
1212,"cc/A1/A1-1212.jpg"
1221,"cc/A1/A1-1221.jpg"
1222,"cc/A1/A1-1222.jpg"
1225,"cc/A1/A1-1225.jpg"
1227,"cc/A1/A1-1227.jpg"
1238,"cc/A1/A1-1238.jpg"
1245,"cc/A1/A1-1245.jpg"
125,"cc/A1/A1-125.jpg"
1250,"cc/A1/A1-1250.jpg"
126,"cc/A1/A1-126.jpg"
1267,"cc/A1/A1-1267.jpg"
1268,"cc/A1/A1-1268.jpg"
1281,"cc/A1/A1-1281.jpg"
1284,"cc/A1/A1-1284.jpg"
1318,"cc/A1/A1-1319.jpg"
1322,"cc/A1/A1-1323.jpg"
133,"cc/A1/A1-133.jpg"
1332,"cc/A1/A1-1333.jpg"
1333,"cc/A1/A1-1334.jpg"
137,"cc/A1/A1-137.jpg"
1368,"cc/A1/A1-1370.jpg"
1386,"cc/A1/A1-1388.jpg"
1389,"cc/A1/A1-1391.jpg"
140,"cc/A1/A1-140.jpg"
1419,"cc/A1/A1-1421.jpg"
1430,"cc/A1/A1-1432.jpg"
1477,"cc/A1/A1-1479.jpg"
1486,"cc/A1/A1-1488.jpg"
152,"cc/A1/A1-152.jpg"
1518,"cc/A1/A1-1521.jpg"
1521,"cc/A1/A1-1524.jpg"
1523,"cc/A1/A1-1526.jpg"
153,"cc/A1/A1-153.jpg"
1532,"cc/A1/A1-1535.jpg"
154,"cc/A1/A1-154.jpg"
1551,"cc/A1/A1-1555.jpg"
156,"cc/A1/A1-156.jpg"
1559,"cc/A1/A1-1563.jpg"
1569,"cc/A1/A1-1575.jpg"
1571,"cc/A1/A1-1577.jpg"
158,"cc/A1/A1-158.jpg"
1586,"cc/A1/A1-1592.jpg"
1587,"cc/A1/A1-1593.jpg"
1591,"cc/A1/A1-1597.jpg"
1602,"cc/A1/A1-1608.jpg"
1613,"cc/A1/A1-1619.jpg"
1616,"cc/A1/A1-1622.jpg"
1619,"cc/A1/A1-1625.jpg"
1625,"cc/A1/A1-1631.jpg"
1627,"cc/A1/A1-1633.jpg"
1633,"cc/A1/A1-1640.jpg"
1638,"cc/A1/A1-1645.jpg"
1641,"cc/A1/A1-1648.jpg"
1648,"cc/A1/A1-1655.jpg"
166,"cc/A1/A1-166.jpg"
167,"cc/A1/A1-167.jpg"
1663,"cc/A1/A1-1670.jpg"
1667,"cc/A1/A1-1674.jpg"
1674,"cc/A1/A1-1681.jpg"
1676,"cc/A1/A1-1683.jpg"
1678,"cc/A1/A1-1685.jpg"
1679,"cc/A1/A1-1686.jpg"
170,"cc/A1/A1-170.jpg"
1694,"cc/A1/A1-1701.jpg"
1697,"cc/A1/A1-1704.jpg"
1713,"cc/A1/A1-1720.jpg"
1716,"cc/A1/A1-1723.jpg"
1724,"cc/A1/A1-1731.jpg"
174,"cc/A1/A1-174.jpg"
1738,"cc/A1/A1-1745.jpg"
1740,"cc/A1/A1-1747.jpg"
175,"cc/A1/A1-175.jpg"
1744,"cc/A1/A1-1751.jpg"
1753,"cc/A1/A1-1760.jpg"
1755,"cc/A1/A1-1762.jpg"
1758,"cc/A1/A1-1765.jpg"
1761,"cc/A1/A1-1768.jpg"
1764,"cc/A1/A1-1772.jpg"
1766,"cc/A1/A1-1774.jpg"
178,"cc/A1/A1-178.jpg"
1807,"cc/A1/A1-1815.jpg"
1808,"cc/A1/A1-1816.jpg"
1812,"cc/A1/A1-1820.jpg"
1821,"cc/A1/A1-1829.jpg"
1829,"cc/A1/A1-1837.jpg"
1836,"cc/A1/A1-1844.jpg"
1842,"cc/A1/A1-1851.jpg"
1847,"cc/A1/A1-1856.jpg"
1849,"cc/A1/A1-1858.jpg"
1870,"cc/A1/A1-1879.jpg"
190,"cc/A1/A1-190.jpg"
11438,"cc/A1/A1-1903.jpg"
11505,"cc/A1/A1-1923.jpg"
193,"cc/A1/A1-193.jpg"
11562,"cc/A1/A1-1935.jpg"
11591,"cc/A1/A1-1939.jpg"
195,"cc/A1/A1-195.jpg"
11374,"cc/A1/A1-1958.jpg"
11420,"cc/A1/A1-1967.jpg"
11613,"cc/A1/A1-1974.jpg"
198,"cc/A1/A1-198.jpg"
11669,"cc/A1/A1-1989.jpg"
11681,"cc/A1/A1-1994.jpg"
11692,"cc/A1/A1-1998.jpg"
2,"cc/A1/A1-2.jpg"
200,"cc/A1/A1-200.jpg"
11705,"cc/A1/A1-2001.jpg"
12007,"cc/A1/A1-2044.jpg"
12052,"cc/A1/A1-2048.jpg"
11823,"cc/A1/A1-2053.jpg"
11841,"cc/A1/A1-2055.jpg"
11847,"cc/A1/A1-2057.jpg"
11856,"cc/A1/A1-2060.jpg"
12192,"cc/A1/A1-2063.jpg"
18198,"cc/A1/A1-2079.jpg"
18210,"cc/A1/A1-2091.jpg"
18234,"cc/A1/A1-2115.jpg"
22,"cc/A1/A1-22.jpg"
233,"cc/A1/A1-233.jpg"
241,"cc/A1/A1-238.jpg"
24,"cc/A1/A1-24.jpg"
251,"cc/A1/A1-245.jpg"
252,"cc/A1/A1-246.jpg"
26,"cc/A1/A1-26.jpg"
3,"cc/A1/A1-3.jpg"
32,"cc/A1/A1-32.jpg"
328,"cc/A1/A1-322.jpg"
353,"cc/A1/A1-347.jpg"
355,"cc/A1/A1-349.jpg"
36,"cc/A1/A1-36.jpg"
388,"cc/A1/A1-383.jpg"
40,"cc/A1/A1-40.jpg"
406,"cc/A1/A1-402.jpg"
41,"cc/A1/A1-41.jpg"
416,"cc/A1/A1-412.jpg"
418,"cc/A1/A1-414.jpg"
424,"cc/A1/A1-420.jpg"
457,"cc/A1/A1-453.jpg"
461,"cc/A1/A1-457.jpg"
46,"cc/A1/A1-46.jpg"
479,"cc/A1/A1-475.jpg"
493,"cc/A1/A1-489.jpg"
508,"cc/A1/A1-504.jpg"
514,"cc/A1/A1-510.jpg"
519,"cc/A1/A1-515.jpg"
531,"cc/A1/A1-527.jpg"
534,"cc/A1/A1-530.jpg"
543,"cc/A1/A1-540.jpg"
547,"cc/A1/A1-544.jpg"
550,"cc/A1/A1-547.jpg"
551,"cc/A1/A1-548.jpg"
556,"cc/A1/A1-553.jpg"
563,"cc/A1/A1-560.jpg"
57,"cc/A1/A1-57.jpg"
574,"cc/A1/A1-571.jpg"
576,"cc/A1/A1-573.jpg"
584,"cc/A1/A1-581.jpg"
591,"cc/A1/A1-588.jpg"
595,"cc/A1/A1-593.jpg"
606,"cc/A1/A1-605.jpg"
608,"cc/A1/A1-607.jpg"
613,"cc/A1/A1-612.jpg"
620,"cc/A1/A1-619.jpg"
629,"cc/A1/A1-628.jpg"
64,"cc/A1/A1-64.jpg"
654,"cc/A1/A1-653.jpg"
655,"cc/A1/A1-654.jpg"
662,"cc/A1/A1-661.jpg"
668,"cc/A1/A1-667.jpg"
672,"cc/A1/A1-671.jpg"
678,"cc/A1/A1-678.jpg"
68,"cc/A1/A1-68.jpg"
684,"cc/A1/A1-684.jpg"
691,"cc/A1/A1-691.jpg"
7,"cc/A1/A1-7.jpg"
71,"cc/A1/A1-71.jpg"
719,"cc/A1/A1-719.jpg"
728,"cc/A1/A1-728.jpg"
736,"cc/A1/A1-736.jpg"
738,"cc/A1/A1-738.jpg"
741,"cc/A1/A1-741.jpg"
746,"cc/A1/A1-746.jpg"
76,"cc/A1/A1-76.jpg"
77,"cc/A1/A1-77.jpg"
791,"cc/A1/A1-791.jpg"
792,"cc/A1/A1-792.jpg"
803,"cc/A1/A1-803.jpg"
808,"cc/A1/A1-808.jpg"
812,"cc/A1/A1-812.jpg"
821,"cc/A1/A1-821.jpg"
851,"cc/A1/A1-851.jpg"
861,"cc/A1/A1-861.jpg"
869,"cc/A1/A1-869.jpg"
88,"cc/A1/A1-88.jpg"
881,"cc/A1/A1-881.jpg"
89,"cc/A1/A1-89.jpg"
90,"cc/A1/A1-90.jpg"
901,"cc/A1/A1-901.jpg"
906,"cc/A1/A1-906.jpg"
92,"cc/A1/A1-92.jpg"
921,"cc/A1/A1-921.jpg"
922,"cc/A1/A1-922.jpg"
928,"cc/A1/A1-928.jpg"
941,"cc/A1/A1-941.jpg"
948,"cc/A1/A1-948.jpg"
953,"cc/A1/A1-953.jpg"
962,"cc/A1/A1-962.jpg"
971,"cc/A1/A1-971.jpg"
974,"cc/A1/A1-974.jpg"
976,"cc/A1/A1-976.jpg"
987,"cc/A1/A1-987.jpg"
989,"cc/A1/A1-989.jpg"
99,"cc/A1/A1-99.jpg"
998,"cc/A1/A1-998.jpg"
2443,"cc/A2/A2-10.jpg"
2534,"cc/A2/A2-101.jpg"
2538,"cc/A2/A2-105.jpg"
3490,"cc/A2/A2-1060.jpg"
2444,"cc/A2/A2-11.jpg"
2550,"cc/A2/A2-117.jpg"
2553,"cc/A2/A2-120.jpg"
2554,"cc/A2/A2-121.jpg"
2558,"cc/A2/A2-125.jpg"
2566,"cc/A2/A2-133.jpg"
3758,"cc/A2/A2-1333.jpg"
3776,"cc/A2/A2-1352.jpg"
2570,"cc/A2/A2-137.jpg"
3843,"cc/A2/A2-1420.jpg"
3856,"cc/A2/A2-1434.jpg"
2578,"cc/A2/A2-145.jpg"
2585,"cc/A2/A2-152.jpg"
2592,"cc/A2/A2-159.jpg"
4037,"cc/A2/A2-1617.jpg"
4041,"cc/A2/A2-1621.jpg"
2597,"cc/A2/A2-164.jpg"
2450,"cc/A2/A2-17.jpg"
2610,"cc/A2/A2-177.jpg"
2614,"cc/A2/A2-181.jpg"
11574,"cc/A2/A2-1810.jpg"
2621,"cc/A2/A2-188.jpg"
11684,"cc/A2/A2-1937.jpg"
11704,"cc/A2/A2-1945.jpg"
2633,"cc/A2/A2-200.jpg"
11890,"cc/A2/A2-2002.jpg"
11910,"cc/A2/A2-2017.jpg"
2635,"cc/A2/A2-202.jpg"
2636,"cc/A2/A2-203.jpg"
12006,"cc/A2/A2-2084.jpg"
2646,"cc/A2/A2-213.jpg"
2650,"cc/A2/A2-217.jpg"
12209,"cc/A2/A2-2173.jpg"
2456,"cc/A2/A2-23.jpg"
13753,"cc/A2/A2-2328.jpg"
13744,"cc/A2/A2-2336.jpg"
13750,"cc/A2/A2-2345.jpg"
2670,"cc/A2/A2-237.jpg"
2675,"cc/A2/A2-242.jpg"
13795,"cc/A2/A2-2448.jpg"
2680,"cc/A2/A2-247.jpg"
13154,"cc/A2/A2-2477.jpg"
2683,"cc/A2/A2-250.jpg"
13292,"cc/A2/A2-2581.jpg"
13332,"cc/A2/A2-2617.jpg"
13367,"cc/A2/A2-2641.jpg"
13435,"cc/A2/A2-2701.jpg"
13899,"cc/A2/A2-2722.jpg"
14095,"cc/A2/A2-2849.jpg"
2719,"cc/A2/A2-286.jpg"
14261,"cc/A2/A2-2910.jpg"
14271,"cc/A2/A2-2919.jpg"
14344,"cc/A2/A2-2979.jpg"
14347,"cc/A2/A2-2982.jpg"
2436,"cc/A2/A2-3.jpg"
2463,"cc/A2/A2-30.jpg"
14376,"cc/A2/A2-3002.jpg"
2734,"cc/A2/A2-301.jpg"
14505,"cc/A2/A2-3037.jpg"
2738,"cc/A2/A2-305.jpg"
2739,"cc/A2/A2-306.jpg"
15311,"cc/A2/A2-3147.jpg"
2748,"cc/A2/A2-315.jpg"
2754,"cc/A2/A2-321.jpg"
2756,"cc/A2/A2-323.jpg"
2757,"cc/A2/A2-324.jpg"
15461,"cc/A2/A2-3259.jpg"
15478,"cc/A2/A2-3275.jpg"
2761,"cc/A2/A2-328.jpg"
2466,"cc/A2/A2-33.jpg"
15519,"cc/A2/A2-3304.jpg"
2764,"cc/A2/A2-331.jpg"
2765,"cc/A2/A2-332.jpg"
15544,"cc/A2/A2-3323.jpg"
2768,"cc/A2/A2-335.jpg"
15586,"cc/A2/A2-3351.jpg"
15605,"cc/A2/A2-3364.jpg"
15628,"cc/A2/A2-3380.jpg"
2467,"cc/A2/A2-34.jpg"
2777,"cc/A2/A2-344.jpg"
15741,"cc/A2/A2-3467.jpg"
2468,"cc/A2/A2-35.jpg"
15803,"cc/A2/A2-3502.jpg"
15857,"cc/A2/A2-3544.jpg"
16062,"cc/A2/A2-3554.jpg"
16063,"cc/A2/A2-3555.jpg"
16158,"cc/A2/A2-3622.jpg"
16161,"cc/A2/A2-3625.jpg"
16164,"cc/A2/A2-3628.jpg"
2797,"cc/A2/A2-364.jpg"
16186,"cc/A2/A2-3648.jpg"
16190,"cc/A2/A2-3651.jpg"
16192,"cc/A2/A2-3653.jpg"
2799,"cc/A2/A2-366.jpg"
16209,"cc/A2/A2-3664.jpg"
16217,"cc/A2/A2-3670.jpg"
2801,"cc/A2/A2-368.jpg"
16232,"cc/A2/A2-3683.jpg"
16233,"cc/A2/A2-3684.jpg"
16281,"cc/A2/A2-3722.jpg"
16336,"cc/A2/A2-3761.jpg"
2811,"cc/A2/A2-378.jpg"
16370,"cc/A2/A2-3786.jpg"
16383,"cc/A2/A2-3796.jpg"
16384,"cc/A2/A2-3797.jpg"
16023,"cc/A2/A2-3800.jpg"
2813,"cc/A2/A2-381.jpg"
16044,"cc/A2/A2-3813.jpg"
16047,"cc/A2/A2-3816.jpg"
16414,"cc/A2/A2-3824.jpg"
2815,"cc/A2/A2-383.jpg"
16425,"cc/A2/A2-3833.jpg"
2816,"cc/A2/A2-384.jpg"
16435,"cc/A2/A2-3841.jpg"
16436,"cc/A2/A2-3842.jpg"
16458,"cc/A2/A2-3855.jpg"
16460,"cc/A2/A2-3857.jpg"
16461,"cc/A2/A2-3858.jpg"
2818,"cc/A2/A2-386.jpg"
16474,"cc/A2/A2-3869.jpg"
16479,"cc/A2/A2-3872.jpg"
16506,"cc/A2/A2-3893.jpg"
16535,"cc/A2/A2-3914.jpg"
16572,"cc/A2/A2-3933.jpg"
16588,"cc/A2/A2-3940.jpg"
16596,"cc/A2/A2-3944.jpg"
16612,"cc/A2/A2-3951.jpg"
16657,"cc/A2/A2-3976.jpg"
2830,"cc/A2/A2-398.jpg"
16684,"cc/A2/A2-3995.jpg"
2437,"cc/A2/A2-4.jpg"
16753,"cc/A2/A2-4039.jpg"
16822,"cc/A2/A2-4077.jpg"
16840,"cc/A2/A2-4091.jpg"
16844,"cc/A2/A2-4092.jpg"
2474,"cc/A2/A2-41.jpg"
16862,"cc/A2/A2-4106.jpg"
16881,"cc/A2/A2-4120.jpg"
16911,"cc/A2/A2-4139.jpg"
16912,"cc/A2/A2-4140.jpg"
16926,"cc/A2/A2-4149.jpg"
16959,"cc/A2/A2-4168.jpg"
16972,"cc/A2/A2-4175.jpg"
16982,"cc/A2/A2-4183.jpg"
16989,"cc/A2/A2-4186.jpg"
16990,"cc/A2/A2-4187.jpg"
16992,"cc/A2/A2-4189.jpg"
16998,"cc/A2/A2-4195.jpg"
17005,"cc/A2/A2-4199.jpg"
17013,"cc/A2/A2-4204.jpg"
17032,"cc/A2/A2-4218.jpg"
17035,"cc/A2/A2-4221.jpg"
17043,"cc/A2/A2-4224.jpg"
17060,"cc/A2/A2-4236.jpg"
17067,"cc/A2/A2-4243.jpg"
17076,"cc/A2/A2-4250.jpg"
17084,"cc/A2/A2-4257.jpg"
17099,"cc/A2/A2-4268.jpg"
17127,"cc/A2/A2-4283.jpg"
17151,"cc/A2/A2-4298.jpg"
17160,"cc/A2/A2-4305.jpg"
17167,"cc/A2/A2-4309.jpg"
17174,"cc/A2/A2-4316.jpg"
17180,"cc/A2/A2-4320.jpg"
17186,"cc/A2/A2-4323.jpg"
17191,"cc/A2/A2-4326.jpg"
17213,"cc/A2/A2-4344.jpg"
17224,"cc/A2/A2-4352.jpg"
17265,"cc/A2/A2-4383.jpg"
17300,"cc/A2/A2-4406.jpg"
17322,"cc/A2/A2-4425.jpg"
17323,"cc/A2/A2-4426.jpg"
17353,"cc/A2/A2-4442.jpg"
17362,"cc/A2/A2-4449.jpg"
17382,"cc/A2/A2-4461.jpg"
17388,"cc/A2/A2-4466.jpg"
17402,"cc/A2/A2-4474.jpg"
17413,"cc/A2/A2-4483.jpg"
17423,"cc/A2/A2-4491.jpg"
17426,"cc/A2/A2-4494.jpg"
17428,"cc/A2/A2-4496.jpg"
17513,"cc/A2/A2-4550.jpg"
17519,"cc/A2/A2-4556.jpg"
17538,"cc/A2/A2-4567.jpg"
17549,"cc/A2/A2-4574.jpg"
17566,"cc/A2/A2-4587.jpg"
17578,"cc/A2/A2-4595.jpg"
17615,"cc/A2/A2-4614.jpg"
17619,"cc/A2/A2-4618.jpg"
17633,"cc/A2/A2-4626.jpg"
17656,"cc/A2/A2-4645.jpg"
17680,"cc/A2/A2-4657.jpg"
17714,"cc/A2/A2-4682.jpg"
17717,"cc/A2/A2-4685.jpg"
17729,"cc/A2/A2-4691.jpg"
17741,"cc/A2/A2-4696.jpg"
2480,"cc/A2/A2-47.jpg"
17766,"cc/A2/A2-4714.jpg"
17770,"cc/A2/A2-4717.jpg"
17780,"cc/A2/A2-4719.jpg"
17800,"cc/A2/A2-4734.jpg"
17810,"cc/A2/A2-4740.jpg"
17812,"cc/A2/A2-4742.jpg"
17819,"cc/A2/A2-4745.jpg"
17828,"cc/A2/A2-4751.jpg"
17833,"cc/A2/A2-4756.jpg"
17844,"cc/A2/A2-4765.jpg"
17863,"cc/A2/A2-4779.jpg"
17879,"cc/A2/A2-4788.jpg"
2910,"cc/A2/A2-479.jpg"
17893,"cc/A2/A2-4797.jpg"
17901,"cc/A2/A2-4799.jpg"
17905,"cc/A2/A2-4803.jpg"
17919,"cc/A2/A2-4812.jpg"
17926,"cc/A2/A2-4818.jpg"
17931,"cc/A2/A2-4820.jpg"
17965,"cc/A2/A2-4842.jpg"
17969,"cc/A2/A2-4844.jpg"
17970,"cc/A2/A2-4845.jpg"
17975,"cc/A2/A2-4848.jpg"
17995,"cc/A2/A2-4864.jpg"
17996,"cc/A2/A2-4865.jpg"
18004,"cc/A2/A2-4871.jpg"
18015,"cc/A2/A2-4878.jpg"
18042,"cc/A2/A2-4895.jpg"
18047,"cc/A2/A2-4896.jpg"
18048,"cc/A2/A2-4897.jpg"
18051,"cc/A2/A2-4898.jpg"
18053,"cc/A2/A2-4900.jpg"
18066,"cc/A2/A2-4906.jpg"
18081,"cc/A2/A2-4914.jpg"
18089,"cc/A2/A2-4920.jpg"
18093,"cc/A2/A2-4924.jpg"
18101,"cc/A2/A2-4928.jpg"
18106,"cc/A2/A2-4931.jpg"
18114,"cc/A2/A2-4938.jpg"
18115,"cc/A2/A2-4939.jpg"
18123,"cc/A2/A2-4946.jpg"
18136,"cc/A2/A2-4952.jpg"
18140,"cc/A2/A2-4956.jpg"
18142,"cc/A2/A2-4958.jpg"
18143,"cc/A2/A2-4959.jpg"
18148,"cc/A2/A2-4963.jpg"
18151,"cc/A2/A2-4965.jpg"
18159,"cc/A2/A2-4970.jpg"
18164,"cc/A2/A2-4975.jpg"
18166,"cc/A2/A2-4977.jpg"
18177,"cc/A2/A2-4981.jpg"
18179,"cc/A2/A2-4983.jpg"
18354,"cc/A2/A2-4999.jpg"
18358,"cc/A2/A2-5002.jpg"
18372,"cc/A2/A2-5006.jpg"
18377,"cc/A2/A2-5009.jpg"
18386,"cc/A2/A2-5014.jpg"
18390,"cc/A2/A2-5017.jpg"
18397,"cc/A2/A2-5021.jpg"
18408,"cc/A2/A2-5028.jpg"
18437,"cc/A2/A2-5049.jpg"
18440,"cc/A2/A2-5051.jpg"
18491,"cc/A2/A2-5088.jpg"
18506,"cc/A2/A2-5096.jpg"
18518,"cc/A2/A2-5101.jpg"
18520,"cc/A2/A2-5103.jpg"
18531,"cc/A2/A2-5110.jpg"
18532,"cc/A2/A2-5111.jpg"
18533,"cc/A2/A2-5112.jpg"
18552,"cc/A2/A2-5130.jpg"
18554,"cc/A2/A2-5132.jpg"
2485,"cc/A2/A2-52.jpg"
2953,"cc/A2/A2-522.jpg"
2954,"cc/A2/A2-523.jpg"
2486,"cc/A2/A2-53.jpg"
2975,"cc/A2/A2-544.jpg"
2981,"cc/A2/A2-550.jpg"
2987,"cc/A2/A2-556.jpg"
2988,"cc/A2/A2-557.jpg"
2489,"cc/A2/A2-56.jpg"
2992,"cc/A2/A2-561.jpg"
3004,"cc/A2/A2-574.jpg"
3010,"cc/A2/A2-580.jpg"
3016,"cc/A2/A2-586.jpg"
2439,"cc/A2/A2-6.jpg"
2493,"cc/A2/A2-60.jpg"
3032,"cc/A2/A2-602.jpg"
3033,"cc/A2/A2-603.jpg"
3064,"cc/A2/A2-634.jpg"
3066,"cc/A2/A2-636.jpg"
2498,"cc/A2/A2-65.jpg"
3082,"cc/A2/A2-652.jpg"
3085,"cc/A2/A2-655.jpg"
2499,"cc/A2/A2-66.jpg"
3109,"cc/A2/A2-679.jpg"
3131,"cc/A2/A2-701.jpg"
3137,"cc/A2/A2-707.jpg"
2504,"cc/A2/A2-71.jpg"
2506,"cc/A2/A2-73.jpg"
2508,"cc/A2/A2-75.jpg"
3218,"cc/A2/A2-788.jpg"
2513,"cc/A2/A2-80.jpg"
3283,"cc/A2/A2-853.jpg"
3289,"cc/A2/A2-859.jpg"
3335,"cc/A2/A2-905.jpg"
3340,"cc/A2/A2-910.jpg"
3411,"cc/A2/A2-981.jpg"
3422,"cc/A2/A2-992.jpg"
4837,"cc/C1/C1-10.jpg"
4928,"cc/C1/C1-102.jpg"
4930,"cc/C1/C1-104.jpg"
4933,"cc/C1/C1-107.jpg"
4942,"cc/C1/C1-116.jpg"
4954,"cc/C1/C1-128.jpg"
4840,"cc/C1/C1-13.jpg"
4959,"cc/C1/C1-133.jpg"
4967,"cc/C1/C1-141.jpg"
4975,"cc/C1/C1-149.jpg"
4842,"cc/C1/C1-15.jpg"
4978,"cc/C1/C1-152.jpg"
4843,"cc/C1/C1-16.jpg"
4987,"cc/C1/C1-161.jpg"
4990,"cc/C1/C1-164.jpg"
4994,"cc/C1/C1-168.jpg"
5013,"cc/C1/C1-187.jpg"
5025,"cc/C1/C1-199.jpg"
5043,"cc/C1/C1-217.jpg"
5050,"cc/C1/C1-224.jpg"
5052,"cc/C1/C1-226.jpg"
5064,"cc/C1/C1-238.jpg"
4851,"cc/C1/C1-24.jpg"
5066,"cc/C1/C1-240.jpg"
4852,"cc/C1/C1-25.jpg"
5076,"cc/C1/C1-250.jpg"
5077,"cc/C1/C1-251.jpg"
4856,"cc/C1/C1-29.jpg"
5133,"cc/C1/C1-309.jpg"
4859,"cc/C1/C1-32.jpg"
5155,"cc/C1/C1-331.jpg"
5166,"cc/C1/C1-342.jpg"
4865,"cc/C1/C1-38.jpg"
4866,"cc/C1/C1-39.jpg"
4872,"cc/C1/C1-45.jpg"
5291,"cc/C1/C1-469.jpg"
4874,"cc/C1/C1-48.jpg"
5315,"cc/C1/C1-493.jpg"
5427,"cc/C1/C1-605.jpg"
5435,"cc/C1/C1-613.jpg"
5441,"cc/C1/C1-619.jpg"
4888,"cc/C1/C1-62.jpg"
5448,"cc/C1/C1-626.jpg"
5458,"cc/C1/C1-636.jpg"
5481,"cc/C1/C1-659.jpg"
5487,"cc/C1/C1-665.jpg"
5515,"cc/C1/C1-693.jpg"
5518,"cc/C1/C1-696.jpg"
5521,"cc/C1/C1-699.jpg"
4897,"cc/C1/C1-71.jpg"
4911,"cc/C1/C1-85.jpg"
4836,"cc/C1/C1-9.jpg"
4920,"cc/C1/C1-94.jpg"
4921,"cc/C1/C1-95.jpg"
4924,"cc/C1/C1-98.jpg"
6000,"cc/D1/D1-172.jpg"
6003,"cc/D1/D1-175.jpg"
5870,"cc/D1/D1-42.jpg"
6250,"cc/I1013/I1013-1.jpg"
6261,"cc/I1013/I1013-12.jpg"
6276,"cc/I1013/I1013-27.jpg"
6303,"cc/I1013/I1013-54.jpg"
6304,"cc/I1013/I1013-55.jpg"
6310,"cc/I1013/I1013-61.jpg"
6358,"cc/I1014/I1014-1.jpg"
6398,"cc/I1014/I1014-41.jpg"
6419,"cc/I1014/I1014-62.jpg"
6426,"cc/I1014/I1014-69.jpg"
6365,"cc/I1014/I1014-8.jpg"
6442,"cc/I1014/I1014-85.jpg"
6446,"cc/I1014/I1014-89.jpg"
6366,"cc/I1014/I1014-9.jpg"
6447,"cc/I1014/I1014-90.jpg"
6598,"cc/J1014/J1014-25.jpg"
6614,"cc/J1014/J1014-41.jpg"
6621,"cc/J1014/J1014-48.jpg"
6626,"cc/J1014/J1014-53.jpg"
6629,"cc/J1014/J1014-56.jpg"
6646,"cc/J1014/J1014-73.jpg"
6795,"cc/J1015/J1015-79.jpg"
6915,"cc/K1012/K1012-14.jpg"
6916,"cc/K1012/K1012-15.jpg"
6927,"cc/K1012/K1012-26.jpg"
6934,"cc/K1012/K1012-33.jpg"
6935,"cc/K1012/K1012-34.jpg"
6905,"cc/K1012/K1012-4.jpg"
6941,"cc/K1012/K1012-40.jpg"
6943,"cc/K1012/K1012-42.jpg"
6945,"cc/K1012/K1012-44.jpg"
6958,"cc/K1012/K1012-57.jpg"
6972,"cc/K1012/K1012-71.jpg"
6983,"cc/K1012/K1012-82.jpg"
7141,"cc/K1013/K1013-102.jpg"
7157,"cc/K1013/K1013-118.jpg"
7165,"cc/K1013/K1013-126.jpg"
7167,"cc/K1013/K1013-128.jpg"
7052,"cc/K1013/K1013-13.jpg"
7177,"cc/K1013/K1013-138.jpg"
7053,"cc/K1013/K1013-14.jpg"
7196,"cc/K1013/K1013-157.jpg"
7056,"cc/K1013/K1013-17.jpg"
7213,"cc/K1013/K1013-174.jpg"
7058,"cc/K1013/K1013-19.jpg"
7236,"cc/K1013/K1013-197.jpg"
7242,"cc/K1013/K1013-203.jpg"
7261,"cc/K1013/K1013-222.jpg"
7271,"cc/K1013/K1013-232.jpg"
7071,"cc/K1013/K1013-32.jpg"
7072,"cc/K1013/K1013-33.jpg"
7077,"cc/K1013/K1013-38.jpg"
7094,"cc/K1013/K1013-55.jpg"
7100,"cc/K1013/K1013-61.jpg"
7102,"cc/K1013/K1013-63.jpg"
7106,"cc/K1013/K1013-67.jpg"
7107,"cc/K1013/K1013-68.jpg"
7124,"cc/K1013/K1013-85.jpg"
7125,"cc/K1013/K1013-86.jpg"
7613,"cc/K1014/K1014-130.jpg"
7621,"cc/K1014/K1014-138.jpg"
7622,"cc/K1014/K1014-139.jpg"
7630,"cc/K1014/K1014-147.jpg"
7633,"cc/K1014/K1014-150.jpg"
7639,"cc/K1014/K1014-156.jpg"
7650,"cc/K1014/K1014-167.jpg"
7679,"cc/K1014/K1014-196.jpg"
7515,"cc/K1014/K1014-32.jpg"
7519,"cc/K1014/K1014-36.jpg"
7536,"cc/K1014/K1014-53.jpg"
7539,"cc/K1014/K1014-56.jpg"
7489,"cc/K1014/K1014-6.jpg"
7933,"cc/K1015/K1015-113.jpg"
7953,"cc/K1015/K1015-133.jpg"
7957,"cc/K1015/K1015-137.jpg"
7983,"cc/K1015/K1015-163.jpg"
7995,"cc/K1015/K1015-175.jpg"
8002,"cc/K1015/K1015-182.jpg"
8011,"cc/K1015/K1015-191.jpg"
8014,"cc/K1015/K1015-194.jpg"
8020,"cc/K1015/K1015-200.jpg"
8022,"cc/K1015/K1015-202.jpg"
7842,"cc/K1015/K1015-21.jpg"
8030,"cc/K1015/K1015-210.jpg"
8034,"cc/K1015/K1015-214.jpg"
8047,"cc/K1015/K1015-227.jpg"
8048,"cc/K1015/K1015-228.jpg"
8050,"cc/K1015/K1015-230.jpg"
8053,"cc/K1015/K1015-233.jpg"
8054,"cc/K1015/K1015-234.jpg"
8067,"cc/K1015/K1015-247.jpg"
8069,"cc/K1015/K1015-249.jpg"
8074,"cc/K1015/K1015-254.jpg"
8081,"cc/K1015/K1015-261.jpg"
8089,"cc/K1015/K1015-269.jpg"
8090,"cc/K1015/K1015-270.jpg"
8093,"cc/K1015/K1015-273.jpg"
7890,"cc/K1015/K1015-70.jpg"
7898,"cc/K1015/K1015-78.jpg"
7907,"cc/K1015/K1015-87.jpg"
8325,"cc/L1013/L1013-10.jpg"
8342,"cc/L1013/L1013-27.jpg"
8375,"cc/L1013/L1013-60.jpg"
8451,"cc/L1014/L1014-10.jpg"
8572,"cc/L1014/L1014-131.jpg"
8582,"cc/L1014/L1014-142.jpg"
8583,"cc/L1014/L1014-143.jpg"
8590,"cc/L1014/L1014-150.jpg"
8598,"cc/L1014/L1014-158.jpg"
8458,"cc/L1014/L1014-17.jpg"
8622,"cc/L1014/L1014-182.jpg"
8628,"cc/L1014/L1014-188.jpg"
8634,"cc/L1014/L1014-194.jpg"
8642,"cc/L1014/L1014-202.jpg"
8646,"cc/L1014/L1014-206.jpg"
8652,"cc/L1014/L1014-212.jpg"
8654,"cc/L1014/L1014-214.jpg"
8667,"cc/L1014/L1014-226.jpg"
8668,"cc/L1014/L1014-227.jpg"
8684,"cc/L1014/L1014-243.jpg"
8693,"cc/L1014/L1014-252.jpg"
18273,"cc/L1014/L1014-269.jpg"
8472,"cc/L1014/L1014-31.jpg"
8480,"cc/L1014/L1014-39.jpg"
8484,"cc/L1014/L1014-43.jpg"
8500,"cc/L1014/L1014-59.jpg"
8505,"cc/L1014/L1014-64.jpg"
8510,"cc/L1014/L1014-69.jpg"
8512,"cc/L1014/L1014-71.jpg"
8516,"cc/L1014/L1014-75.jpg"
8530,"cc/L1014/L1014-89.jpg"
8540,"cc/L1014/L1014-99.jpg"
9045,"cc/L1015/L1015-143.jpg"
9051,"cc/L1015/L1015-149.jpg"
9113,"cc/L1015/L1015-211.jpg"
9130,"cc/L1015/L1015-228.jpg"
9135,"cc/L1015/L1015-233.jpg"
9138,"cc/L1015/L1015-236.jpg"
9147,"cc/L1015/L1015-245.jpg"
9157,"cc/L1015/L1015-255.jpg"
9160,"cc/L1015/L1015-258.jpg"
9164,"cc/L1015/L1015-262.jpg"
9166,"cc/L1015/L1015-264.jpg"
9174,"cc/L1015/L1015-272.jpg"
9183,"cc/L1015/L1015-281.jpg"
9184,"cc/L1015/L1015-282.jpg"
9195,"cc/L1015/L1015-293.jpg"
9199,"cc/L1015/L1015-297.jpg"
9218,"cc/L1015/L1015-316.jpg"
9228,"cc/L1015/L1015-326.jpg"
9239,"cc/L1015/L1015-337.jpg"
9256,"cc/L1015/L1015-354.jpg"
9264,"cc/L1015/L1015-362.jpg"
9269,"cc/L1015/L1015-367.jpg"
9280,"cc/L1015/L1015-378.jpg"
9282,"cc/L1015/L1015-380.jpg"
9284,"cc/L1015/L1015-382.jpg"
9293,"cc/L1015/L1015-391.jpg"
8944,"cc/L1015/L1015-42.jpg"
8984,"cc/L1015/L1015-82.jpg"
9515,"cc/M1014/M1014-1.jpg"
9617,"cc/M1014/M1014-104.jpg"
9632,"cc/M1014/M1014-119.jpg"
9641,"cc/M1014/M1014-128.jpg"
9526,"cc/M1014/M1014-13.jpg"
9528,"cc/M1014/M1014-15.jpg"
9681,"cc/M1014/M1014-168.jpg"
9683,"cc/M1014/M1014-170.jpg"
9697,"cc/M1014/M1014-2.jpg"
9535,"cc/M1014/M1014-22.jpg"
9539,"cc/M1014/M1014-26.jpg"
9541,"cc/M1014/M1014-28.jpg"
9544,"cc/M1014/M1014-31.jpg"
9547,"cc/M1014/M1014-34.jpg"
9550,"cc/M1014/M1014-37.jpg"
9551,"cc/M1014/M1014-38.jpg"
9552,"cc/M1014/M1014-39.jpg"
9554,"cc/M1014/M1014-41.jpg"
9561,"cc/M1014/M1014-48.jpg"
9563,"cc/M1014/M1014-50.jpg"
9573,"cc/M1014/M1014-60.jpg"
9584,"cc/M1014/M1014-71.jpg"
9593,"cc/M1014/M1014-80.jpg"
9596,"cc/M1014/M1014-83.jpg"
9603,"cc/M1014/M1014-90.jpg"
9886,"cc/M1015/M1015-110.jpg"
9888,"cc/M1015/M1015-112.jpg"
9898,"cc/M1015/M1015-122.jpg"
9911,"cc/M1015/M1015-136.jpg"
9919,"cc/M1015/M1015-144.jpg"
9933,"cc/M1015/M1015-158.jpg"
9936,"cc/M1015/M1015-161.jpg"
9976,"cc/M1015/M1015-201.jpg"
9987,"cc/M1015/M1015-212.jpg"
9988,"cc/M1015/M1015-213.jpg"
10001,"cc/M1015/M1015-226.jpg"
10016,"cc/M1015/M1015-241.jpg"
10020,"cc/M1015/M1015-245.jpg"
10044,"cc/M1015/M1015-269.jpg"
10046,"cc/M1015/M1015-271.jpg"
10051,"cc/M1015/M1015-276.jpg"
10057,"cc/M1015/M1015-282.jpg"
10061,"cc/M1015/M1015-286.jpg"
10065,"cc/M1015/M1015-290.jpg"
10068,"cc/M1015/M1015-293.jpg"
10090,"cc/M1015/M1015-315.jpg"
10091,"cc/M1015/M1015-316.jpg"
10096,"cc/M1015/M1015-321.jpg"
10103,"cc/M1015/M1015-328.jpg"
10105,"cc/M1015/M1015-330.jpg"
10115,"cc/M1015/M1015-340.jpg"
10131,"cc/M1015/M1015-356.jpg"
10141,"cc/M1015/M1015-366.jpg"
10147,"cc/M1015/M1015-372.jpg"
10158,"cc/M1015/M1015-383.jpg"
10159,"cc/M1015/M1015-384.jpg"
10197,"cc/M1015/M1015-421.jpg"
10202,"cc/M1015/M1015-426.jpg"
10207,"cc/M1015/M1015-431.jpg"
10210,"cc/M1015/M1015-434.jpg"
10219,"cc/M1015/M1015-443.jpg"
9824,"cc/M1015/M1015-48.jpg"
9833,"cc/M1015/M1015-57.jpg"
9839,"cc/M1015/M1015-63.jpg"
9847,"cc/M1015/M1015-71.jpg"
9871,"cc/M1015/M1015-95.jpg"
10487,"cc/N1014/N1014-11.jpg"
10597,"cc/N1014/N1014-121.jpg"
10600,"cc/N1014/N1014-124.jpg"
10605,"cc/N1014/N1014-129.jpg"
10608,"cc/N1014/N1014-132.jpg"
10617,"cc/N1014/N1014-141.jpg"
10622,"cc/N1014/N1014-146.jpg"
10502,"cc/N1014/N1014-26.jpg"
10504,"cc/N1014/N1014-28.jpg"
10480,"cc/N1014/N1014-4.jpg"
10516,"cc/N1014/N1014-40.jpg"
10556,"cc/N1014/N1014-80.jpg"
10557,"cc/N1014/N1014-81.jpg"
10802,"cc/N1015/N1015-10.jpg"
10892,"cc/N1015/N1015-100.jpg"
10906,"cc/N1015/N1015-114.jpg"
10913,"cc/N1015/N1015-121.jpg"
10918,"cc/N1015/N1015-126.jpg"
10926,"cc/N1015/N1015-134.jpg"
10929,"cc/N1015/N1015-137.jpg"
10807,"cc/N1015/N1015-15.jpg"
10943,"cc/N1015/N1015-151.jpg"
10964,"cc/N1015/N1015-172.jpg"
10984,"cc/N1015/N1015-194.jpg"
11001,"cc/N1015/N1015-211.jpg"
10819,"cc/N1015/N1015-27.jpg"
10834,"cc/N1015/N1015-42.jpg"
10871,"cc/N1015/N1015-79.jpg"
10878,"cc/N1015/N1015-86.jpg"
10885,"cc/N1015/N1015-93.jpg"
10890,"cc/N1015/N1015-98.jpg"
10891,"cc/N1015/N1015-99.jpg"
11199,"cc/O1015/O1015-1.jpg"
11208,"cc/O1015/O1015-10.jpg"
11203,"cc/O1015/O1015-5.jpg"
11206,"cc/O1015/O1015-8.jpg"
